stock_code,universe,date,industry,market_cap_rank,list_date,moving_averages,rsi,macd,bollinger_bands,volume_spikes,divergence,rsi_divergence,close_price,volume
000004.SZ,HS300,2025-08-28,软件服务,1,19910114,"{'MA_5': 0   NaN
Name: close, dtype: float64, 'MA_20': 0   NaN
Name: close, dtype: float64, 'MA_60': 0   NaN
Name: close, dtype: float64}","0   NaN
Name: close, dtype: float64","{'macd_line': 0    0.0
Name: close, dtype: float64, 'signal_line': 0    0.0
Name: close, dtype: float64, 'histogram': 0    0.0
Name: close, dtype: float64}","{'upper_band': 0   NaN
Name: close, dtype: float64, 'middle_band': 0   NaN
Name: close, dtype: float64, 'lower_band': 0   NaN
Name: close, dtype: float64}","0    False
Name: vol, dtype: bool","{'bullish_divergence': 0    False
dtype: bool, 'bearish_divergence': 0    False
dtype: bool}","{'rsi_bullish_divergence': 0    False
Name: close, dtype: bool, 'rsi_bearish_divergence': 0    False
Name: close, dtype: bool}",10.75,87842.02
