{
  "timestamp": "2025-08-04 21:45:27",
  "strategies": {
    "LongOnly": {
      "total_return_pct": 0.0,
      "annual_return_pct": 0.0,
      "volatility_pct": 0.0,
      "sharpe_ratio": 0,
      "max_drawdown_pct": 0.0,
      "total_trades": 12,
      "total_days": 262,
      "final_nav": 1000000.0
    },
    "LongShort": {
      "total_return_pct": 0.0,
      "annual_return_pct": 0.0,
      "volatility_pct": 0.0,
      "sharpe_ratio": 0,
      "max_drawdown_pct": 0.0,
      "total_trades": 12,
      "total_days": 262,
      "final_nav": 1000000.0
    }
  }
}